{
    "buttons": [
        {
            "label": "Home",
            "link": "2",
            "icon": "fa fa-home"
        },
        {
            "label": "Lumières",
            "link": "3",
            "icon": "fa fa-lightbulb",
            "color": "#FF5C5C"
        },
        {
            "label": "Energie",
            "link": "4",
            "icon": "fa fa-plug",
            "color": "#5CD1FF"
        },
        {
            "label": "Chauffage",
            "link": "5",
            "icon": "fa fa-thermometer-half",
            "color": "#FFF15C"
        },
        {
            "label": "Caméras",
            "link": "6",
            "icon": "fa fa-video",
            "color": "#64F592"
        }
    ],
    "parameters": {
        "auto_reduce_menu": "1",
        "menu_x": "0px",
        "menu_y": "0px",
        "content_x": "0px",
        "content_y": "0px",
        "content_width": "1280px",
        "content_height": "1000px"
    }
}