{
    "buttons": [{
			"label": "Agenda",
			"link": "8",
			"icon": "fa fa-calendar"
		}, {
			"label": "Lumières",
			"link": "3",
			"icon": "fa fa-lightbulb"
		}, {
			"label": "Energie",
			"link": "4",
			"icon": "fa fa-plug"
		}, {
			"label": "Chauffage",
			"link": "5",
			"icon": "fa fa-thermometer-half"
		}, {
			"label": "Caméras",
			"link": "6",
			"icon": "fa fa-video"
		}
    ],
    "buttons_bottom": [{
            "link": "2",
            "icon": "fa fa-home",
			"label": "Accueil"
        }, {
            "link": "3",
            "icon": "fa fa-bars",
			"label": "Menu"
        }, {
			"label": "Paramétrage",
			"link": "9",
			"icon": "fa fa-sitemap"
        }
	],
	"parameters": {
      	"menu_width": "320px",
      	"logo_width": "60px",

		"button_head_color": "#fff",
		"button_bottom_color": "#fff",
		"button_head_bgcolor": "#000",
		"button_bottom_bgcolor": "#000",
		"button_head_hovercolor": "#000",
		"button_bottom_hovercolor": "#000"
	}
}