{
    "buttons": [
        {
            "label": "Home",
            "link": "50",
            "icon": "/data/menusNoodom/menuVerticalTomOneFrame/img/icon_home.png"
        },
        {
            "label": "Chauffage",
            "link": "51",
            "icon": "/data/menusNoodom/menuVerticalTomOneFrame/img/icon_chauffage.png"
        },
        {
            "label": "Volets",
            "link": "52",
            "icon": "/data/menusNoodom/menuVerticalTomOneFrame/img/icon_volets.png"
        },
        {
            "label": "Sécurité",
            "link": "53",
            "icon": "/data/menusNoodom/menuVerticalTomOneFrame/img/icon_securite.png"
        },
        {
            "label": "Extérieur",
            "link": "54",
            "icon": "/data/menusNoodom/menuVerticalTomOneFrame/img/icon_exterieur.png"
        },
        {
            "label": "Son & Multimédia",
            "link": "55",
            "icon": "/data/menusNoodom/menuVerticalTomOneFrame/img/icon_music.png"
        },
        {
            "label": "Energie",
            "link": "56",
            "icon": "/data/menusNoodom/menuVerticalTomOneFrame/img/icon_energie.png"
        },
        {
            "label": "Agenda",
            "link": "57",
            "icon": "/data/menusNoodom/menuVerticalTomOneFrame/img/icon_agenda.png"
        },
        {
            "label": "Réseau",
            "link": "58",
            "icon": "/data/menusNoodom/menuVerticalTomOneFrame/img/icon_reseau.png"
        }
    ],
    "parameters": {
        "init_close_menu": "0",
        "auto_reduce_menu": "1",
        "opened_menu_opacity": "30%",
        "menu_x": "0px",
        "menu_y": "280px",
        "menu_width": "100px",
        "menu_height": "100px",
        "content_x": "0px",
        "content_y": "0px",
        "content_width": "1280px",
        "content_height": "1000px"
    }
}