{
  "buttons": [
    {
      "label": "Maison",
      "link": "50",
      "icon": "data/menusNoodom/menuJsonFsb33Frame/img/icon_home.png"
    },
    {
      "label": "Lumières",
      "link": "51",
      "icon": "data/menusNoodom/menuJsonFsb33Frame/img/icon_light.png"
    },
    {
      "label": "Chauffage",
      "link": "52",
      "icon": "data/menusNoodom/menuJsonFsb33Frame/img/icon_chauffage.png"
    },
    {
      "label": "Navigation",
      "link": "https://maps.google.com/maps?hl=fr&ie=utf8&output=embed&q=48,6",
      "icon": "data/menusNoodom/menuJsonFsb33Frame/img/icon_carte.png"
    },
    {
      "label": "Sécurité",
      "link": "index.php?v=d&m=jeemate&p=panel",
      "top": "1",
      "icon": "data/menusNoodom/menuJsonFsb33Frame/img/icon_camera.png"
    },
    {
      "label": "Volets",
      "link": "55",
      "icon": "data/menusNoodom/menuJsonFsb33Frame/img/icon_volets.png"
    },
    {
      "label": "Consommation",
      "link": "https://www.jeedom.com",
      "top": "2",
      "icon": "data/menusNoodom/menuJsonFsb33Frame/img/icon_consommation.png"
    }
  ],
  "parameters": {
    "menu_x": "0px",
    "menu_y": "0px",
    "menu_width": "1280px",
    "menu_height": "80px",
    "content_x": "0px",
    "content_y": "0px",
    "content_width": "1280px",
    "content_height": "1000px"
  }
}
