{
   "buttons":[
      {
         "label":"Accueil",
         "link":"51",
         "icon":"fa fa-2x fa-home"
      },
      {
         "label":"Lumières",
         "link":"52",
         "icon":"fa fa-2x fa-lightbulb"
      },
      {
         "label":"Energie",
         "link":"53",
         "icon":"fa fa-2x fa-plug"
      },
      {
         "label":"Chauffage",
         "link":"54",
         "icon":"fa fa-2x fa-thermometer-half"
      },
      {
         "label":"Caméras",
         "link":"55",
         "icon":"fa fa-2x fa-video"
      },
      {
         "label":"Météo",
         "link":"56",
         "icon":"fas fa-2x fa-cloud-sun"
      },
      {
         "label":"Agenda",
         "link":"57",
         "icon":"fa fa-2x fa-calendar"
      },
      {
         "label":"Paramétrage",
         "link":"58",
         "icon":"fa fa-2x fa-sitemap"
      }
   ],
   "parameters":{
      	"label": "Noodom",
     	"label_first": "1",
     
        "menu_x":"0px",
        "menu_y":"0px",
      	"menu_width":"1280px",
        "menu_height":"80px",

        "content_x":"0px",
        "content_y":"0px",
        "content_width":"1280px",
        "content_height":"1000px",
     
     	"cursor_color":"#96c927",
     	"cursor_default_color":"dimgray",
     	"cursor_width":"1.5rem",
     	"cursor_height":"0.5rem"
   }
}
