{
    "buttons": [{
        "label": "Agenda",
        "link": "50",
        "icon": "fa fa-calendar"
    }, {
        "label": "Lumières",
        "link": "51",
        "icon": "fa fa-lightbulb"
    }, {
        "label": "Energie",
        "link": "52",
        "icon": "fa fa-plug"
    }, {
        "label": "Chauffage",
        "link": "53",
        "icon": "fa fa-thermometer-half"
    }, {
        "label": "Caméras",
        "link": "54",
        "icon": "fa fa-video"
    }],
    "parameters": {
        "menu_id": "962",
        "menu_x": "0px",
        "menu_y": "0px",
      	"menu_width": "322px",
        "menu_height": "350px",

        "content_x": "0px",
        "content_y": "0px",
        "content_width": "1280px",
        "content_height": "1000px"
    }
}
