{
    "buttons": [{
			"label": "Agenda",
			"link": "50",
			"color": "orange"
		}, {
			"label": "Lumières",
			"link": "51",
			"color": "yellow"
		}, {
			"label": "Energie",
			"link": "52",
			"color": "pink"
		}, {
			"label": "Chauffage",
			"link": "53",
			"color": "red"
		}, {
			"label": "Caméras",
			"link": "54",
			"color": "rebeccapurple"
		}, {
			"label": "Multimédia",
			"link": "55",
			"color": "#ff0000"
		}, {
			"label": "Caméras 3",
			"link": "56",
			"color": "black"
		}
    ],
    "parameters": {
      	"button_border_width": "20px",
      	"button_border_height": "20px",
        "menu_border_width": "20px",
      
        "menu_x":"0px",
        "menu_y":"0px",
      	"menu_width":"1280px",
        "menu_height":"100px",

        "content_x":"0px",
        "content_y":"0px",
        "content_width":"1280px",
        "content_height":"1000px"  
    }
}
