{
    "buttons": [{
			"label": "Accueil",
			"link": "2",
			"icon": "fa fa-menu-2x fa-menu fa-home"
		}, {
			"label": "Lumières",
			"link": "3",
			"icon": "fa fa-menu-2x fa-menu fa-lightbulb"
		}, {
			"label": "Energie",
			"link": "4",
			"icon": "fa fa-menu-2x fa-menu fa-plug"
		}, {
			"label": "Chauffage",
			"link": "5",
			"icon": "fa fa-menu-2x fa-menu fa-thermometer-half"
		}, {
			"label": "Caméras",
			"link": "6",
			"icon": "fa fa-menu-2x fa-menu fa-video"
		}, {
			"label": "Agenda",
			"link": "8",
			"icon": "fa fa-menu-2x fa-menu fa-calendar"
		}
    ],
    "buttons_bottom": [{
			"label": "Paramétrage",
			"link": "9",
			"icon": "fa fa-menu-2x fa-menu fa-sitemap"
		},{
        		"link": "2",
            		"icon": "fa fa-menu-2x fa-menu fa-power-off",
			"label": "Se déconnecter"
        	}
	],
	"parameters": {
      	"menu_width": "250px",
      	"logo_width": "60px",
        "logo_height": "36px",
        "logo_size": "20px",      
      	"menu_background_color": "#505050",
      	"design_background_color": "#505050",
	"button_head_color": "#428bca",
	"button_bottom_color": "#999999",
	"button_head_hovercolor": "#5fa2db",
	"button_bottom_hovercolor": "#555555"
	}
}
