{
    "buttons": [
        {
            "label": "Accueil",
            "link": "200",
            "icon": "fas fa-home"
        },
        {
            "label": "Lumières",
            "link": "5",
            "icon": "fa fa-lightbulb"
        },
        {
            "label": "Energie",
            "link": "18",
            "icon": "fa fa-plug"
        },
        {
            "label": "Chauffage",
            "link": "11",
            "icon": "fa fa-thermometer-half"
        },
        {
            "label": "Caméras",
            "link": "201",
            "icon": "fa fa-video"
        },
        {
            "label": "Météo",
            "link": "8",
            "icon": "fas fa-cloud-sun"
        },
        {
            "label": "Agenda",
            "link": "9",
            "icon": "fa fa-calendar"
        },
        {
            "label": "Paramétrage",
            "link": "17",
            "icon": "fa fa-sitemap"
        }
    ],
    "parameters": {
      	"css_file":"style.css",

        "menu_x":"0px",
        "menu_y":"0px",
      	"menu_width":"1280px",
        "menu_height":"100px",

        "content_x":"0px",
        "content_y":"0px",
        "content_width":"1280px",
        "content_height":"1000px"      
    }
}
