{
    "buttons": [
        {
            "label": "Accueil",
            "link": "88",
            "icon": "fas fa-home"
        },
        {
            "label": "Lumières",
            "link": "89",
            "icon": "fa fa-lightbulb"
        },
        {
            "label": "Energie",
            "link": "90",
            "icon": "fa fa-plug"
        },
        {
            "label": "Chauffage",
            "link": "91",
            "icon": "fa fa-thermometer-half"
        },
        {
            "label": "Caméras",
            "link": "92",
            "icon": "fa fa-video"
        }
    ],
    "parameters": {

        "menu_x":"0px",
        "menu_y":"0px",
      	"menu_width":"800px",
        "menu_height":"120px",

        "content_x":"0px",
        "content_y":"0px",
        "content_width":"1280px",
        "content_height":"1200px",      
      
      	"_cursor_color": "#9b59b6",
    	"_ul_color": "#ecf0f1",
    	"_cursor_default_color": "#darkgray",
      	"_background_color": "#2c3e50",
        "_css_loading_timeout" : "1000"
    }
}